date,total_clones,unique_cloners
2026-02-03,69,35
2026-02-04,11,5
2026-02-05,25,11
2026-02-06,46,23
2026-02-07,4,4
2026-02-08,1,1
2026-02-09,81,50
2026-02-10,1,1
2026-02-11,10,3
2026-02-12,11,4
2026-02-13,32,12
2026-02-14,4,4
2026-02-15,49,18
2026-02-16,12,6
2026-02-17,0,0
2026-02-18,3,2
2026-02-19,15,5
2026-02-20,3,3
2026-02-21,11,5
2026-02-22,26,12
2026-02-23,55,18
2026-02-24,18,9
2026-02-25,20,8
2026-02-26,15,9
2026-02-27,12,6
2026-02-28,13,6
2026-03-01,12,6
2026-03-02,7,7
2026-03-03,14,7
2026-03-04,17,11
2026-03-05,15,10
2026-03-06,11,5
2026-03-07,12,5
2026-03-08,13,6
2026-03-09,11,6
2026-03-10,11,5
2026-03-11,11,5
